<?xml version="1.0" encoding="UTF-8"?>
<project-private xmlns="http://www.netbeans.org/ns/project-private/1">
    <editor-bookmarks xmlns="http://www.netbeans.org/ns/editor-bookmarks/2" lastBookmarkId="0"/>
    <open-files xmlns="http://www.netbeans.org/ns/projectui-open-files/2">
        <group>
            <file>file:/C:/Users/musha/Documents/NetBeansProjects/Assignment_Bachy0/src/assignment_bachy0/Face_Recognition.java</file>
            <file>file:/C:/Users/musha/Documents/NetBeansProjects/Assignment_Bachy0/src/assignment_bachy0/Search.java</file>
            <file>file:/C:/Users/musha/Documents/NetBeansProjects/Assignment_Bachy0/src/assignment_bachy0/Users.java</file>
            <file>file:/C:/Users/musha/Documents/NetBeansProjects/Assignment_Bachy0/src/assignment_bachy0/Login.java</file>
            <file>file:/C:/Users/musha/Documents/NetBeansProjects/Assignment_Bachy0/src/assignment_bachy0/Home.java</file>
            <file>file:/C:/Users/musha/Documents/NetBeansProjects/Assignment_Bachy0/src/assignment_bachy0/Update.java</file>
            <file>file:/C:/Users/musha/Documents/NetBeansProjects/Assignment_Bachy0/src/assignment_bachy0/Assignment_Bachy0.java</file>
            <file>file:/C:/Users/musha/Documents/NetBeansProjects/Assignment_Bachy0/src/assignment_bachy0/Add_User.java</file>
        </group>
    </open-files>
</project-private>
